comment_id,comment_body,gold_frames,predicted_frames
3db5bfa8-58a3-4c05-9e90-2888a5abe5ea,I don't know what else could be used as evidence. Do you have an idea?,['Other'],['Other']
dcftrw0,Clarifying question permitted under rule 1: Would you respect Islam or Judaism? What about Hinduism? ,['Other'],"['Cultural Identity', 'Morality']"
599b91a2-b93f-4d7c-a34f-eeb6dc75ddb5,"Websites posting content from reddit (as long as it is linked) is benefical for the reddit community. It does not harm the reddit users or the content creator and brings in more people due to the exposure. Reddit as a whole can grow and benefit from this additional influx. For example, /u/shittywatercolour's image welcoming Obama was featured in BBC and other places which helped him land a job.

Of course, this does not extend to a website using a copyrighted content without proper attribution for commercial gains.","['Cultural Identity', 'Economic', 'Legality / Jurisprudence']","['Economic', 'External Regulation and Reputation', 'Legality / Jurisprudence']"
cz49vee,"The thing is, when it comes to things like homophobia in developing countries, or antisemitism in the middle east, everybody already knows. There's a limit to what can be done. Direct activism isn't possible if you can't actually meaningfully interact with the people whose behavior you take issue with.

Additionally, these issues are frequently used as a scapegoat. Many people who say ""Why aren't you criticizing antisemitism in Iran?"" are perfectly content to ignore antisemitism in Western countries. It's not a criticism made in good faith, it's a derailing tactic meant to get the person to shut up.

But more generally, critical privilege theory is about challenging the way society views certain issues. How necessary is it to raise awareness of an issue that the vast majority of society is already aware of? ","['Cultural Identity', 'External Regulation and Reputation', 'Fairness and Equality']","['Cultural Identity', 'Political', 'Public Opinion']"
a303082c-323b-4b18-81cc-1d0210dd5325,Except that he legally adopted all of the Robins except for Tim Drake and Stephanie Brown.,"['Cultural Identity', 'Legality / Jurisprudence']",['Legality / Jurisprudence']
0f53ced7-4a3c-48c0-94b6-4f8664fd6b83,"We seem not to extend this idea of innocent till proven guilty to the dead black people. 

M. Brown was called a thief. Last time I checked he certainly wasn't given a trial before that determination was made. 

IF anything this innocent till guilty idea tends to just be offered to the cop and never to the dead party even if that person had a criminal record totally unrelated to the event.","['Crime and Punishment', 'Cultural Identity', 'Fairness and Equality']","['Fairness and Equality', 'Legality / Jurisprudence', 'Cultural Identity']"
cakqqm9,">move to what amounts to ghettos

It really doesn't.  A typical refugee camp doesn't have nearly the population density of a European Jewish ghetto.  Even Gaza still has open space, and the West Bank is obviously more roomy.  Assuming you're talking about Nazi ghettos, Israel also lets much more food and medical care in.

>living under constant threat from their invaders

Because there's a war on.  It'd be unreasonable to expect people in Gaza to not expect invasion when rockets are being launched down the street.

Anyway, why is Jewish nationalism less legitimate than Palestinian nationalism?  Jews have been in the area for quite a while, too, and many areas have had Jewish majorities for several generations now.  Hell, the only reason the Jews mostly didn't stick around is because the Romans kicked many of them out and the Crusaders killed a whole bunch more.  Couldn't you make the same argument that Jews should get their land restored?  If not, what's the time cut-off?  100 years?  200 years?  500?  What about the US, which did roughly the same thing?  Or virtually every other group in history?

Even if Israel should never have existed to begin with, arguing for its dissolution is much more difficult.  While certain parts of its creation (mostly expulsions in 47-49) were unjust, any solution which dismantles Israel would necessarily be unjust to Israelis.  Why should they leave where they've lived for generations because some other people would like some land back?  If it was unjust for that to be done to Palestinians several decades ago, why isn't it unjust to do to Israelis now?  It'd also be absurd to expect Jewish Israelis to live as a (significant) minority in Palestine, since it's quite unlikely a Palestinian state would protect the rights of Jews.

tl;dr if what happened to the Palestinians was unjust and deserves remedy, the same is true of most countries on earth, including what would happen to Israelis if Israel were dissolved.","['Cultural Identity', 'Fairness and Equality']","['Cultural Identity', 'Legality / Jurisprudence', 'Security and Defense', 'Political']"
d3uw786,"> With unskilled labor beginning to become heavily automated, as well as the push to double the minimum wage seeing widespread support, its possible that we might begin to see unemployment rates rise over the next few decades.

Minimum wage being increased too far can create disemployment effects (nationally $15 would likely have pretty significant negative effects in the South and rural states particularly) but automation would simply cause churn, it does not reduce net demand for labor.

Automation historically, and its likely trend in the future, pushes those from the middle down to the bottom which creates significant inequality concerns but does not result in unemployment effects. Automation would certainly increase disemployment effects of policies like a non-optimal MW though.

> To say free college education will end poverty is very naive.

I'm not familiar with this claim, your point is valid though. It would have a (likely small) effect as we do have evidence of credit constraints on low-income families but for most students we would actually expect post-graduation incomes to fall as higher levels of student debt effect field entry choices.

> The rate at which students fail college courses or drop them is already astronomically high. And that's when people know that they're wasting thousands of dollars by failing. In many of the classes I've taken, I've noticed over half the class drop out by the end of the term.

Dropout rate is due to the (poor) quality of US K-12, while we do have an excellent tertiary education system our primary & secondary is somewhere between inadequate and awful. Educational reform needs to start before tertiary.

Having said that there are some other points to consider;

Even if you drop out there are still benefits to college which are eviscerated by having the student debt without the qualification. Tertiary develops far more skills beyond the degree you are taking, if it wasn't for employer preferences it would be largely irrelevant what you chose for your major.

There is a complete informational disconnect between what students get when they exit tertiary and their choices of entry, they are ill-equipped to make an informed choice as they lack the information to understand the relative gains of school and major choices. Subsidies can help us resolve this. 

As an example the outcomes for those completing 4 year community colleges are actually slightly better then those who complete traditional state/private schools (also of note is that outside of top tier schools its also mostly irrelivent what school you go to, outside of academia there is little in the way of employer preferences at work); not only do they typically earn more but they also have a fraction of the student debt. Free community college would encourage students to use these cheaper and better performing programs, with student debt write-offs its possible such a program would reduce federal spending over the long-run vs current law.

> If you make college education free, you're going to have tons of students wasting resources by taking classes, half-assing them, and failing as a result.

Germany has a free system which is far more competitive then ours, they only allow about half of graduating students to enter university with total available enrollment for a program based on future anticipated labor demand. You are certainly not guaranteed the ability to enroll in your first choice field of study even if you do find a place.

Free does not mean completely open. I'm sure you recall reading about Germany offering free tuition to international students, most of those graduating in the US would not be able to pass the entrance examination.

> When people get things for free, they're less invested in it on a personal basis, so they're less likely to try as hard. This costs the government a ton of money.

People perceive the current student loan system as free money. You don't pay until after you graduate, you don't start seeing significant behavioral effects from that cost until you approach that point. Its one of the ways our current system fails, the absence of pricing information from consumption choices causes people to make bad choices.

> University is overpriced, 

Under what metric? The returns to a college education have been growing more quickly then the cost of that education itself for many decades. The real cost of education is certainly increasing (somewhat related to the previous point, the usual market controls fail when people don't perceive they are spending or the benefits of that spending) but its not less affordable or less worthwhile then in decades passed.

","['Fairness and Equality', 'Policy Prescription and Evaluation', 'Quality of Life']","['Economic', 'Capacity and Resources', 'Fairness and Equality', 'Policy Prescription and Evaluation', 'Quality of Life']"
d2ea4c79-a1df-479c-b843-055c1c01ca7d,"I suppose the only argument I have against this viewpoint is that I never knew advertising in schools happened, as so I would tend to assume that allowing or not allowing it is a non-issue. My high school (Northern California) had no advertisements of any kind, and still doesn't (as far as I know). I guess the closest things we had were plaques and the like denoting who had donated to help fund the construction of the football stadium, but those seem a far cry from ""DRINK COKE"" written on the 50-yard line.

What sorts of advertisements are you seeing in schools? Do companies really put up billboards and signs everywhere?","['Capacity and Resources', 'Crime and Punishment', 'Public Opinion']","['Capacity and Resources', 'Public Opinion']"
dje87t2,"While I don't like the logic of dismissing the spreading of a rumor because of passed depression, there are many cases were issues in someone's personnel life can warrant a higher level of sympathy from others, even if they are not in the right. I agree that personnel issues don't make wrong actions right, they should change the way we view when someone makes one of these wrong decisions. ","['Fairness and Equality', 'Morality']","['Morality', 'Quality of Life']"
d9phqwf,"Hypocrisy is about saying you have a moral standard but not adhering to it. It's not hypocritical to say that there is nothing wrong with men being raped (or that it's not a big deal) but it is with women. It's just something that most others would say is a unjustified and shitty moral standard. Hypocrisy comes into play when a person says they believe men being raped is just as bad as a women being raped, but then laugh/ridicule a man who was raped. 

Your argument based on evolution is either one of why some men have the opinion that men being raped isn't a big deal, which by your own admission is wrong, or is simply highlighting why someone may act hypocritical. It does nothing to excuse any hypocrisy. ","['Fairness and Equality', 'Morality']","['Morality', 'Cultural Identity']"
ch20csj,"How familiar are you with elections in other countries then?  I'm taking this as obviously US centric.

",['Other'],"['Political', 'External Regulation and Reputation']"
103388b0-05dd-451b-ae83-92bed015cac7,So its not sustainable?,['Other'],['Capacity and Resources']
deywptq,"(1) is the US expected to front the bill for all this? What is the US getting out of it?

(2) you say to do this for the ""sake of the world"", but then only go on to say it's because of human rights violations in those regions. How are those human rights violations connected to the ""sake of the world""? I don't see how, even a genocide, let alone a small breach of peace that the ""world police"" would get involved in, has any relation to the world at-large","['Economic', 'External Regulation and Reputation', 'Security and Defense']","['Economic', 'Fairness and Equality', 'Legality / Jurisprudence', 'Security and Defense', 'External Regulation and Reputation']"
cuw93uh,"Not changing your view, but wouldn't you deem it more important to **form your own opinion** about a given issue? We live in a world of sound bites, so it's really difficult to fully understand anything outside of our locale, unless we really dig deep. Digging deep means going to our many sources (TV, radio, internet, newsprint), whether it be conservative or liberal (hopefully it's just  unbiased). Once you've done all this, you should come to your own conclusion of the issue, and you should **not** be swayed by how left or right your opinion is. You should be both conservative and liberal in how you see the world, and what it will take to make it better.

Edit while writing this - Sorry, touchy subject for me. I just wish more people thought for themselves and formed their own opinions, instead of aligning with left or right exclusively.","['Cultural Identity', 'Public Opinion']","['Public Opinion', 'Political']"
53efd616-44e4-4534-bb3d-5e456082df40,"It all depends on what you count as ""college"".  The 2 year associate degree programs are very good at training students with a marketable skill set.  These would be pushed over 4 year bachelors programs under a free college bill.  The training to be a Welder or plumber or HVAC tech would be exactly the kind of training your talking about AND part of tuition free college programs.

Also, I agree there are lots of useless degrees.  That these programs exist isn't good reason to not fund STEM and business programs.  That gender studies is a major isn't a good reason to not offer free tuition to mechanical engineers.

Wasting resources on people not smart enough for 4 year degrees is a real concern.  A free tuition program would need to have required graduation rates or something to stop schools from accepting people that could never pass.  This is a problem but it's one that's very solvable while keeping schools free.","['Capacity and Resources', 'Economic', 'Policy Prescription and Evaluation']","['Capacity and Resources', 'Economic', 'Policy Prescription and Evaluation']"
97a0fa4b-cab1-4d86-a816-5be2df2ed99a,"Even Reuters and AP are inherently editorialized through omission, selection, language, geography, and so forth. You can't really have ""Just the facts"" unless you have all the facts.",['Public Opinion'],"['Public Opinion', 'Political']"
dg265ir,"As a teacher, kids have weird ideas about what is disrespect.  I teach kids that seriously believe that my insistence that they hand over their phones for breaking my ""no phones in sight"" rule means that I'm disrespecting them.

So I have no issue with the majority of cases your view affects, but kids are not known for being very rational.",['Morality'],"['Cultural Identity', 'Quality of Life']"
cdn59v4,">People want to feel like they are making a change in society, so they go out and debate issues that are most tangible to them

There are many people for whom changing society is not at all a factor in their online debate and even activism.  Maslow outlined a hierarchy of needs, and if we consider the trend OP describes through the lens of those needs, then the loudest people engaged in the most popular causes are merely acting on a psychological need to belong.  Others validate their views, and there is an adversarial other, and this fosters a sense of purpose as well.

I hazard to suggest that those who are genuinely aware of and concerned with the current vector of societal development and momentum toward an ultimate destination are a rare type.  If we consider that the greater the required effort, the fewer will engage the task, then in light of the work required to research, digest, understand, and then consider the consequences of societal-scale information followed by the motives of each entity affecting the course of the matter, very few indeed so much as have the time required.  Finally, consider that those who are not bonda fide experts by trade but who do put forth the effort, will be met with overwhelming adversity in discussing their findings with other laypersons.

People simply choose what is easiest to participate in and offers the greatest immediate gratification, without regard to the relative importance of issues or topics that may compete for their attention.  This phenomenon is readily witnessed by examining the impact upon discussions, views, and temperaments of inaccurate media reports and political ideals driven by even an obvious ""hidden"" agenda.

To divert attention to issues one considers more important therefore requires collaboration with others to create an environment of belonging.  Any time such effort undermines the efforts of competing entities with sufficient resources, it is guaranteed that the process will be interfered with and ultimately derailed.  OP's view isn't wrong really, but the notion that online discussion should be focused on more fundamentally important issues implies a capacity to bring about focused change in that regard, where in reality no such capacity exists.","['Cultural Identity', 'Quality of Life']","['Capacity and Resources', 'Cultural Identity', 'Political', 'Public Opinion']"
dn9epbu,The kicking and fighting you see when an animal bleeds out is seizures from low blood pressure. It looks awful but the animal is unconscious pretty much the whole time. Source: guy who had it happen to him.,"['Health and Safety', 'Morality']",['Health and Safety']
f590265c-1a32-4e2f-bf46-fc90afab209a,Half the point is to divide the people who has what it takes from those that do not.,['Public Opinion'],['Capacity and Resources']
291ddd75-7d47-47c8-aad5-442e3fa799ba,"I agree, I don't necessarily think it's a very important detail either. But again, some people might think it is. I mean I doubt many people are going ""Hello, my name is Billy Bob Joe and I am a sapiosexual"". I know one person who identifies as demisexual and I've only heard it literally once from them (and it was during a discussion on sexuality). So it's not as if everyone is necessarily doing it for attention or to make sure people think of them as LGBT or whatever. Sure, there will be people who let their labels define them, but that's a problem with labels in general, not just these particular ones.","['Cultural Identity', 'Public Opinion']","['Cultural Identity', 'Public Opinion']"
caf76669-4c64-4d19-a3cb-eb8e391b0592,"&gt;What proof do you have that they are hired because of their name and not because of their ability? 

[Because of several studies on resumes and names. White sounding names get 50% more call-backs than Black-sounding names, despite having identical resumes.](http://www.chicagobooth.edu/capideas/spring03/racialbias.html) 


Even if the races are on average more or less intelligent, equally intelligent blacks will still be discriminated against, in comparison to their equivalently skilled peers, merely because of their name and their color.","['Fairness and Equality', 'Public Opinion']","['Fairness and Equality', 'Public Opinion']"
ca8uwgq,"Gay pride parades are more important historically than they are in the present. They exist in large part because, thirty years ago, people couldn't go outside and be openly gay without fear of physical assault. Pride parades served the purpose of creating strength in numbers, while allowing a public outlet for the social expressions of an *incredibly* diverse community. 

I'd argue that in big cities, pride parades now function mostly as a reminder for LGBT people of where the community is, how far it's come, and the ability of people to do their own thing. Plus, images of people dressed as extravagant gay stereotypes is in large part a way of satirizing gender and sexuality as our society currently enforces them. Folks are tearing down walls by reminding people how stupid those walls are.",['Cultural Identity'],"['Cultural Identity', 'Quality of Life', 'Public Opinion']"
cxqilu8,"The problem with this type of movement is the fact that the vast majority of people just do not understand how the drug development process works. Clinical research takes years, if not decades to prove that a medication is safe and effective for a specific disease.

Giving a person who is terminally ill access to experimental drugs that are only in the early stages of testing may seem like the ethical thing to do, but in fact it might not be. Informed consent and medical eligibility is of the utmost importance for clinical research. If we are not truly informing our patients of the potential risk and/or benefits of clinical research, that is not ethical. Obviously it is not on the same level of the Tuskegee syphilis trials or medical experimentation that occurred during World War 2 where people had no say in the matter, but it is still not acceptable. In the case of terminally ill patients, it is very murky on whether they are capable of truly giving their informed consent.

So then, even if we do assume that the terminally ill patient has truly given their informed consent, we have the issue of the needs of the individual versus the entire population with that condition. Medical eligibility during early phase clinical trials is extremely strict by design in order to prove the drug is safe for use first. The problem is that a terminally ill patient does not necessarily care about those potential side effects because they have already been told that they are not expected to live. However, the people running the trial can't just ignore the side effects due to the patient's pre-existing condition. It is extremely unethical and dangerous to withhold clinical data during drug development. So if the patient has some dangerous side effects from using the drug because they shouldn't have been enrolled in the trial anyways, it could potentially delay the approval of this treatment for thousands more people.

The ethics of medical research are not cut and dry. It is a very tight balancing act in order to keep things being done in the correct way while also finding treatments that actually effectively work. This is the reason why we have IRBs and the FDA overseeing medical research in this country.","['Health and Safety', 'Morality']","['Health and Safety', 'Morality', 'Policy Prescription and Evaluation', 'Legality / Jurisprudence']"
ckgeek6,"Society likes to make positive examples of all sorts of people who have defied the odds to achieve seeming improbable feats. If you want to consider this objectification when applied to disabled people, then you must also consider it objectification when applied to successful athletes, performers, and entrepreneurs who have excelled despite being born into unfavourable circumstances beyond their control.

Furthermore, no one forces these disabled people into the news media or on inspirational speaking tours; they participate of their own volition, typically for some kind of benefit. You make it sound like disabled people nowdays are outcasts in broader society and have to join travelling circus sideshows to make a living.","['Cultural Identity', 'Fairness and Equality']","['Cultural Identity', 'Public Opinion', 'Quality of Life']"
6731d48f-8958-4192-a426-49274681e4ca,You're using a controlled amount of discrimination to fix the harmful amounts of large-scale discrimination. It's like using a controlled amount of a disease to fix a harmful epidemic or using a controlled amount of fire to contain an uncontrolled fire.,"['Fairness and Equality', 'Morality', 'Policy Prescription and Evaluation', 'Public Opinion']","['Fairness and Equality', 'Morality']"
eccb59fa-b0b7-41c3-8f1a-5a1dd76c0a5c,"I agree that many cultural issues are directly intertwined with economic issues, without a doubt. I think the issue you brought up is actually fundamentally economic: social mobility in disadvantaged communities. What I'd like to see is more discussion of that rather than less economically relevant cultural issues.","['Cultural Identity', 'Economic']","['Economic', 'Cultural Identity']"
csbg161,"You're correct, because of how you've defined sexual orientation. You're essentially saying ""If sexual orientation means X, then these things Y and Z are not legitimate sexual orientations."" Well of course not, because you've defined them that way. A better question is, what qualifies something as a sexual orientation? At the end of the day, humans just like to label things. Things, however, do not always fit within this little box we try to confine them to. We're not *just* heterosexual or sapiosexual, you can certainly be both. 

Personally, I am mostly attracted to intelligent people. I'm not using a word to confine that attraction to certain bounds. Is that my sexual orientation..? Well... I'm oriented in such a way that I prefer sex with intelligent and therefore respectable people. Why is that an invalid viewpoint? These artificial constructions like ""sapiosexual"" are indeed, to me, creations of SJWs trying to feel special. But it all depends how you define ""sexual orientation."" In everyday colloquial language, it refers to gender preference. Does it need to be restricted to that, though? If it does, then being attracted to intelligent people would just take on some other arbitrary word. It doesn't matter what label you put on it, people feel in complex ways and no one is as simple as the sexual orientation they're labeled with",['Cultural Identity'],"['Cultural Identity', 'Morality']"
d7i9na1,"I'd say even limiting GMO within the framework of only food is a mistake. The ""O"" stands for organism, and there are a lot of applications, and implications, beyond genetically modified crops. One potent example: genetically modified mosquitoes used to sterilize certain populations of the bugs carrying the Zika virus. 

If people can realize they're OK with some GMOs outside the food chain, they might think differently about the GMOs they are against inside the food chain.","['Health and Safety', 'Quality of Life']","['Health and Safety', 'Public Opinion', 'Policy Prescription and Evaluation']"
6b91a179-1613-4725-91b3-c31c271e9acc,"No one at my school was ever required to see a counselor, although judging by your spelling of it, perhaps we're not in the same country? I'm in America, specifically a poor area of the Midwest. Yes, my school was underfunded, and the state doesn't have any more to give to it.",['Capacity and Resources'],"['Capacity and Resources', 'Economic', 'Fairness and Equality']"
ca8tgbh,In many countries any commercial content in schools is forbidden (e.g. Israel),['Legality / Jurisprudence'],"['Legality / Jurisprudence', 'Policy Prescription and Evaluation']"
cxqtmzi,"I'll provide some perspective from having worked in drug development for many years, both nonclinically and clinically.

Both nonclinical and clinical studies are painstakingly designed to answer extremely specific questions in as controlled a manner as possible. For clinical studies, it is not uncommon for the details of eligibility criteria of enrolled patients to be pages long, often involving criteria down to the molecular level of biomarkers or RNA transcript levels. There is a good reason for this specificity; the fastest way to get a drug approved is to demonstrate to the FDA a strong benefit/risk ratio, and the fastest way to do that is to target the populations that, based on preliminary data, will provide the greatest chance of unequivocal benefit and/or lowest risks of adverse effects.

Throwing in a patient who does not fit this criteria throws a huge wrench into this, for several reasons. First, the data *cannot* be discarded, and still must be factored in interpreting drug safety or efficacy. The larger the number of these patients, the murkier the statistics become and the more difficult it is to draw strong conclusions about the safety or efficacy of the drug when so many patients were included of the wrong target population. Furthermore, once a drug achieves approved IND status, every single adverse event or animal death related to dosing must be reported and explained to the FDA. When you have terminally ill patients that 1) don't fit the target population based on efficacy/safety criteria and/or 2) don't have the historical baseline data required in the clinical protocol that can explain findings, then this becomes an extremely difficult and burdensome task that often times prompts multiple follow-up questions from regulatory authorities.

Ultimately, if this occurred on a massive scale, these would result in the *delay* of potentially life-saving drugs from reaching the market, fewer people having access to the drug sooner and potentially even more deaths as a result.","['Health and Safety', 'Policy Prescription and Evaluation']","['Capacity and Resources', 'Health and Safety', 'Legality / Jurisprudence', 'Policy Prescription and Evaluation']"
dn8ldg9,"There are two options: Killing the animal by slitting the jugular, causing the animal to fall unconscious before death. Or stunning the animal then killing it. What your post doesn't mention is the pain that stunning itself causes.

Since we do not have an empirical measure of pain. We cannot compare which of the two are less painful to the animal. The slaughter whilst conscious or the stunning process itself. It's a tough one. 

On the second part of your title. I agree that religion should not be a pass for inhuman behaviour. Defining which is the inhumane behaviour is the issue.","['Cultural Identity', 'Morality']","['Health and Safety', 'Morality', 'Cultural Identity']"
b958946a-d444-4d91-9553-a4ac76c62d5a,"Yeah, you're giving in to the ""no true Scottsman"" argument of humanity.  We're kind of brought up with it these days, since pretty much all action movies spend the first 3/4 of the movie building up a case for why it is perfectly fine and acceptable at the end of the movie for the ""good"" guy to kill the bad guy.  As long as it's part of a plan, it's ok; to paraphrase The Joker.",['Other'],"['Cultural Identity', 'Morality']"
cpoklq9,"Either you respect intellectual property rights or you don't.  You can take the view that digital content is both non-rivalrous and non-excludable and so it should be treated as a public good in which case you don't respect IP.  If you take the view that there's no other way to ration IP than to treat it as though it were a physical good then you're going to disallow unauthorized copies.

Now if we're treating all content as physical goods then we should impose on ourselves the same constraints as the physical goods.  For instance, if I want a genuine metal Star Wars lunch box then I have to go find a collector to buy it from and pay whatever they want.  In that instance, none of the original people that worked on Star Wars get an extra cent but that's just how it works.  You're not allowed to steal the lunch box from the collector just because they want more for it than you think is reasonable.

As far as the pragmatic aspects of the issue, video game companies and other media companies aren't in business for the scraps they collect from titles that are 10 years old.  You're not doing much to support the game developer if you're only buying a game when it is in the $5 bin.  Most of their revenue comes soon after release and the industry would be just as unsustainable if everyone waited for games to be in the $5 bin as if everyone just pirated games.  ","['Economic', 'Legality / Jurisprudence', 'Morality']","['Economic', 'Legality / Jurisprudence', 'Policy Prescription and Evaluation']"
980edc65-7df8-4732-ae4f-e40c8a3afe96,"I'm a little late, but I have some authority on this matter because I'm a Libertarian running for State Rep (haven't done much campaigning, as I've been sick). 

I am a candidate for office, and part of that role is to talk about the issues facing the people. In Massachusetts, these are gay rights (specially, transgender rights in regards to use of public facilities), drug laws, police abuse, excessive taxes, and a few of our state agencies being mismanaged. I could very well talk about reforming voting procedures, but, a lot of that will go over people's heads, and to be honest, I don't think many will care. People care about what effects them directly, like taxes and laws, this I'm forced to talk about them in order to get votes. 

If I were to be elected somehow (unlikely, my district is heavily Democrat, plus my opponent is the chief of police), then I could tackle the issue. But until then, I have to address the important concerns of the people I want to represent. Moving to a discussion about voting procedures will take more people power than any current third parties in my state (or the US for that matter) currently have. 

Further, it would take some support from the two parties, who are the real movers and shakers of political discussion in the US. If just a few could stand behind reforming voting procedures, then we have a shot.","['Capacity and Resources', 'Political', 'Public Opinion']","['Political', 'Public Opinion', 'Policy Prescription and Evaluation']"
djv9kr1,">Historically Hamilton was a large advocate for war and using the military to settle disputes. The musical references this when he says as a kid in the Caribbean he wished for a war and his constant badgering of Washington to give him a command.

This doesn't distinguish him from other members of the revolutionary cohort.  Sort of by definition they wanted to use war to settle their disuptes with George III.  And striving for a command was super common in the revolutionary army.  It was actually a big problem for them that like _everyone_ wanted to be an officer in command.

>He pushed for a monarchy and if he had a candidacy would most likely have ridden it until he lost or died. When he tells Washington that he should continue to serve, it's reflective of this.

Yes, Hamilton's plan of government was pretty monarchical/aristocratic, but once the Convention settled on something else, he went in for the 1787 Constitution fully.  There's a reason the Federalist Papers are incredibly important legal documents for modern day constitutional scholars. 

>He abandoned Lafayette. Even after assuring Lafayette in writing that when France went to war, that they would be right beside them, then he was one of the largest advocates to NOT go to war to help France while serving in Washington's cabinet.

He was completely right to abandon Lafayette.  You know who else abandoned Lafayette?  France.  The French revolution went completely off the rails, started an unnecessary war of aggression against Austria, and started chopping everyone's heads off.  (Lafayette managed to get by without being decapitated, but he was removed from authority/exiled)  Well before the end of the Washington administration, Jefferson came around to Hamilton's view on the question that entering the European war on the side of France would be a disaster for the nascent country.

Also, as to Lafayette personally, when Washington wouldn't help get him out of Austrian controlled prison during the war, Angelica (yes, that Angelica) connived to break him out of prison so they could sneak him into the United States.  It didn't quite work, but it was a good shot.

>He was an uncontrollable power maniac. His department was twice as large (staff wise) as the rest of the government. With Hundreds of members on his staff (while Jefferson had 10 and Knox had 6) he gave the impression that he was attempting to make his authority as large as possible and ultimately control the Government.

He was totally a power maniac, but that was because he wanted the government to do stuff, and it needed money, and needing money, it needed a bunch of tax collectors.  Jefferson was trying to run a small diplomatic operation, and Knox was leading a war department of a country without a standing army.

Hamilton would have been a shitty President.  It's probably for the best he self immolated with the Reynolds affair.  But he was still an all around pretty good guy historically, and the musical gives him a pretty favorable treatment.","['Morality', 'Political']","['Political', 'Legality / Jurisprudence', 'Security and Defense']"
687dc658-aabe-4812-bc6f-da7c7460f0a1,"&gt;In the instance of racism, for example, the difference between racism and prejudice is power

I've always been confused as to where people got the racism=prejudice+power rhetoric. The way I understand it, prejudice is just having unfounded assumptions about something. 
Racism is specifically basing those assumptions on skin color, like sexism is basing those assumptions on sex. 

&gt;That person is  _____ so he must ______.
 
This is a general form prejudiced comment. If you fill it in based off of race then it becomes racist. For example:

&gt;That person is black so they must like basketball.

&gt;That person is asian so they must be good at math.

&gt;That person is white so they must be a bad dancer.

All of these are racist. Power has nothing to do with it. Racism is just prejudice based off of race.","['Cultural Identity', 'Fairness and Equality']","['Cultural Identity', 'Fairness and Equality']"
02a5a1ee-d39e-461f-ab12-5f4eed56e776,"&gt; Wait. So you're saying there's a difference between the idea of someone changing their mind about someone and someone's attraction to someone changing?

It's about how their mind is changed. One is more passive, whereas the other is actively selling yourself to them.",['Cultural Identity'],['Cultural Identity']
dgno5t6,"I think that your argument is a bit of a straw man. I highly doubt that anybody is having kids only to have somebody to support them when they are old. I have not done the math but, I doubt that it would even work out in a parents favor, I imagine saving or investing all the money you would have spent on raising your child is a much better retirement plan than 20 years of food, clothing, shelter, education, etc. On something that could easily die, end up poor, or just decided that they don't want to be used by you anymore. ","['Economic', 'Quality of Life']","['Economic', 'Quality of Life']"
95ac233f-ff8d-4ecd-9ebe-83ed54f18ab9,"Good point about the handicap thing. However, I think what escapes many is government-regulated affirmative action and non-government-regulated affirmative action. 

Lets say a study proves that blacks have a 20% lower chance of entering the avarage college than whites do with the same merits, in a country.

If colleges decide on their own to purposely ""discriminate"" against whites, we dont know if it will be too much or too little, this is why I support affirmative action if officials make sure to balance it properly. Otherwise we just get a bunch of vigilantes taking matters into their own hands, and most countries have laws against vigilantics for good reason.","['Fairness and Equality', 'Legality / Jurisprudence', 'Policy Prescription and Evaluation']","['Fairness and Equality', 'Legality / Jurisprudence', 'Policy Prescription and Evaluation']"
d7ild8o,"> Americans would have to go out of their way to avoid foods that have been modified to enable them to survive greater usage of pesticide and herbicide. 

Can you give an example of this? I think you may be falling for the common misconception that genetic modification for pesticide resistance, such as ""Round-Up Ready"", is for the purposes of using *more* pesticide and herbicide. It's [quite the opposite](http://sitn.hms.harvard.edu/flash/2015/roundup-ready-crops/):

> results show that farming practices associated with Roundup Ready crops actually have a lower environmental impact. One reason for this is that they are able to reduce their pesticide use and replace more harmful pesticides with glyphosate.

The genetic modification allows farmers to use less pesticide and safer pesticides without harming their crops. The resistance is to survive the safer pesticides, not *more* pesticide.

That common misconception is part of the debate. So for your CMV, I'd go a step further. It isn't just what *type* of GMO we need to specify, but also what the genetic modification actually does. Misinformation is a big problem in the anti-GMO circles, and why they aren't taken seriously.
",['Health and Safety'],"['Economic', 'Health and Safety', 'Policy Prescription and Evaluation']"
e4777c02-c6bc-42db-9e6c-73ac259e064b,"While its popular with the reddit crowd IRV wouldn't be a marked improvement, it does nothing to break the two-party problem (see Australia), allows for ties, will always degrade to plurality, still requires voters to make tactical choices (IE I support the Green candidate more but if I don't place the Democrat candidate first the value of my vote will be diminished) and doesn't offer a significant improvement in bayesian regret (how palatable the final result is). IRV also still has the spoiler effect which strongly encourages the two dominant parties to lock others out of the process.

The ""best"" voting system is scored where voters are simply asked to score candidates rather then rank them, it produces the best results (possibility of achieving near zero bayesian regret which no other voting system can), is mathematically superior, has no spoiler effect and doesn't encourage tactical voting. Scored also means that the value of party becomes hugely diminished pushing towards a desirable situation where its role in the electoral process is reduced, voting for a democrat doesn't mean you can't vote for an independent or green too with precisely the same weight.

A subset of scored is approval which is scored voting with a maximum score of 1, you simply approve candidates you find acceptable with no weight attached to your vote for various candidates. This system introduces a moderate bias as it will select for compromise candidates, those who most voters find acceptable as they are most able to cross ideological boundaries. AV has higher bayesian regret the scored as a whole but would produce better results in legislative elections (if you were going for the ideal you would use scored for executive and AV for legislature) as the ""best"" legislative candidates are those who don't support an extreme position and instead are acceptable to all. AV is used by organizations like the UN, Mathematical Association of America,  American Statistical Association etc.

An important consideration with all this is the voting pathologies voters display and how this informs our political process. The majority of voters do not vote for a candidate but rather vote against a candidate which under plurality &amp; IRV produces the situation where voters generally don't know and don't care about a candidates policy set as they are voting for them because they are not ""that guy"". While scored still allows for people to act as blocking voters it doesn't encourage it like ITV &amp; plurality does, we would expect to see voters becoming more informed and more active in expressing policy desires as they are no longer in a situation where they need to vote against a candidate.

Ultimately the lack of support for voting reform is because people are supporting IRV, many people who strongly support voting reform simply wont support an IRV proposal as it wastes political capital; if it ever did pass then people would quickly figure out it didn't improve anything but there wouldn't be the political support to push through another reform for decades.

Edit: Forgot to mention AV is also the simplest voting reform that exists, you remove the word ""exactly"" before ""one"" on the ballot and add ""or more"" after it; that's it. Same method for counting, same voting machines etc. It requires no constitutional changes at all.","['Policy Prescription and Evaluation', 'Political']","['Political', 'Policy Prescription and Evaluation', 'Public Opinion']"
cuw8uls,"*NOTE: This answer is US-specific*
***
This would enforce the false dichotomy that people already believe in general when it comes to politics. People seem to believe that there are a grand total of *two* conceivable opinions on every single topic.

This is detrimental to those who don't identify with either major political party, such as myself. When I criticize actions by Republicans, conservatives unfailingly respond ""But...but...the Democrats!"" When I criticize Obama, his supporters unfailingly respond ""But..but...Bush!"" This attitude enables people to avoid arguments by responding with non-sequiturs.

This false dichotomy also enables add hominem responses -- grouping me on every issue with the political party that agrees with me about the issue at hand. If I side with Rand Paul on drone strikes and marijuana, I don't stand with him on taxes. But having a situation where people get equally balanced biased news would further the false dichotomy that leads to that thought.","['Cultural Identity', 'Political', 'Public Opinion']","['Political', 'Public Opinion']"
crytmjr,"so your argument is ""not enough utility in crimes"" and ""punishment is not high enough""

the thing your missing is that any increase in utility makes crime more dangerous, and that they are not flat out banned but regulated 

also, adding accessories to a gun can be seen as planning, so robbing or shooting someone wasn't a crime of passion it was deliberate. so indirectly it can lead to higher sentances","['Crime and Punishment', 'Legality / Jurisprudence']","['Crime and Punishment', 'Legality / Jurisprudence']"
14f001b7-6659-48b7-99b6-57187d37602f,"That's interesting. Did you have art, music, theatre, and/or sports? What did the parents do?","['Capacity and Resources', 'Cultural Identity']",['Capacity and Resources']
cux6e3x,No you're wrong.  If the media gave us the facts and told the truth instead of throwing their worthless opinions in we could watch more reliable television.,['Public Opinion'],"['Public Opinion', 'Political']"
dixntay,"Harry Potter is a story. Stories are not designed to be realistic depictions of the world we live in.  

Authors take liberties with the configuration of 'reality' in their work to achieve certain literary objectives.  

Specifically why JK Rowling included the house system in HP I couldn't say with certainty, but I would like to point out that the house system doesn't seem to be replicated in the adult wizard world -- other than pointing out that the occasional character had some history with a particular house. 

I can't remember Rowling writing in a character who was not proud or content with their house, bar Harry's rejection of Slytherin despite the sorting hat telling him how 'great' he could be (perhaps that was just another literary device used to portray Harry's defining humility). 

Perhaps Rowling, consciously or unconsciously, sought to show that people could be good or valuable human beings despite what we might think of their defining character traits; that every character has a role to play in our society, so people should embrace their temperament and fulfill that role as best they can. ",['Cultural Identity'],"['Cultural Identity', 'Quality of Life']"
c131dbfb-61c1-4819-8ab9-8ee5dffb4470,"&gt; I stand by my graph.

You shouldn't. Those graphs are all openly and rightfully mocked on r/badpolitics, by any political scientist, or by anyone who reads multiple political sources or is at least educated enough about politics to know what the words they are using actually mean. You are making OPs case for them.","['Political', 'Public Opinion']","['Political', 'Public Opinion']"
225354c5-7090-48d6-9f70-de2436a0ad49,"Trump got fewer votes than Romney, Clinton got fewer votes than Obama. Voter turnout was at record lows. The DNC was run by morons who did not even think about campaigning in ""safe"" states.",['Public Opinion'],"['Political', 'Public Opinion']"
f34484ab-ae2e-4ce9-8b6d-e782572edf74,"well are you going to vote for the candidate you think is going to win or for the candidate who you think will best represent you? 

i get what you're saying that they'll never win without changes to the system, but winning shouldn't be their first priority. that just seems like selling out.","['Fairness and Equality', 'Political']","['Political', 'Public Opinion']"
f400a1dd-8740-4a18-a4c8-1fe99687e00b,"There are definitely 13 year olds that are more mature then others, but a 13 year old won't be as mature as an 18 year old. Even if you have a very mature 13 year old they will still be easily manipulated by someone they look up to. They are still very much developing, both physically and mentally.

Studies show that just before puberty, usually age 11-12, there is a large increase in gray matter in a child's brain. There is evidence that much of this new gray matter in around the frontal cortex. The frontal cortex is the part of the brain that is responsible for things like thinking, planning, organize thoughts, control impulses, problem solve, judgment and sexual behavior. There is also research that shows that the frontal cortex isn't full developed until young adulthood. This means that a child at 13 is going to have some difficulty with judging the consequences of their behavior. They may also start to wonder about things sexually. At this point they are still developing the ability to judge an action. They almost certainly can't judge the decision to engage in sexual behavior in the way that someone who is 17 or 18 can. 

Age can be just a number, but when someone is very young there is still a lot of growing and maturing. When someone is 30 or 40 there isn't the rate of growth and maturing is much much less as your body and brain is already fully developed. Charging someone who is 19 with statuary rape because his/her partner is 17 is one thing. However, a teacher who is 24 having sex with a 13 year old is quite different. 13 is much younger, and this teacher was in a clear position of power.","['Crime and Punishment', 'Health and Safety', 'Legality / Jurisprudence', 'Morality']","['Crime and Punishment', 'Health and Safety', 'Morality']"
ch26fk7,"I think you're on target personally. But in the interests of discussion...

I believe that you are missing an enormous part of campaigning with your proposed reforms, namely the *soft money* campaigning of corporations, unions, and the more wealthy members of the US. These groups and individuals would still have every incentive to campaign, spend millions+, and rally for candidates that they felt were better in their interest. They would probably see no reason not to use the personal attacks you are trying to avoid. 

Unfortunately, trying to include them in the ban on communication you suggest prevents individuals from exercising their rights to free speech and communication. Under your suggestions, I'm afraid, people will still be bombarded; it just won't have the technicality of candidate coordination or the ""I approve this message"" attached. ""Friends of OP"" will still be able to do the running for you. ","['Legality / Jurisprudence', 'Political']","['Economic', 'Legality / Jurisprudence', 'Political']"
cb2h8uw,"I'm both a ~~prescriptivist~~ descriptivist and a stickler for grammar.

I do think that when people use terms differently they ~~are~~ should be aware that they are doing so.

As the language changes we will see new rules and phrases, and ""grammar Nazis"" are also part of this change.

EDIT: I was really spaced out when I typed this. Two typos which completely change my meaning. Dammit. I'm in the descriptivist camp, but I believe structure has its place and you cannot allow only those voices to speak about language that use words (as they are currently understood) incorrectly. ",['Other'],['Cultural Identity']
dn8c78r,"/u/shrimpdOut (OP) has awarded 1 delta in this post.

All comments that earned deltas (from OP or other users) are listed [**here**](/r/DeltaLog/comments/715z63), in /r/DeltaLog.

Please note that a change of view [doesn't necessarily mean a reversal](https://www.reddit.com/r/changemyview/wiki/index#wiki_what_is_a_.27view.27.3F), or that the conversation has ended.

^[Delta System Explained](https://www.reddit.com/r/changemyview/wiki/deltasystem) ^| ^[Deltaboards](https://www.reddit.com/r/changemyview/wiki/deltaboards)",['Other'],['Public Opinion']
7c161cd1-7382-453c-adec-8ced14cd16d0,Just because people still buy things doesn't mean their lives aren't worse off because they have to pay more for those things.,"['Economic', 'Quality of Life']","['Economic', 'Quality of Life']"
b05d42d3-f025-4005-bd45-340cb9efea91,"&gt; 'I paid less taxes this year' and 'I paid fewer taxes this year'.

While I agree with your argument and would be described as a grammar nazi in general, what are we losing in this specific case by combining 'less' and 'fewer'? I've always been of the opinion that those shouldn't be separate words.","['Policy Prescription and Evaluation', 'Public Opinion']",['Cultural Identity']
d80d594d-3490-4865-87f1-ae1381bb12dd,"A fair point. If someone is a smoker and wants to quit, I fully support giving them access to treatment programs. But they still decided to start smoking in the first place, and if they don't stop and they get lung cancer, I don't want to have to pay for that.","['Fairness and Equality', 'Health and Safety', 'Morality']","['Health and Safety', 'Economic', 'Fairness and Equality']"
aaa11940-5e4f-411f-8f51-4c2eef50a2a6,"At my (private) school, not only were there no ads anywhere on the premises, but our dress code also forbade any clothing with logos or brand names visible. Because students would try to ""push the line"" with that one, it eventually became ""no clothing with writing on it.""

I agree completely with your post, so... no arguments here.",['Morality'],['Cultural Identity']
1631d6d2-5693-4cb7-8bd5-4b98cc6d52a9,"This happened to me. I saw a comment of mine on some site that said ""It's like an orgasm for the scalp. -Junglelegs"" when I was referring to those scalp massagers that look like spiders.","['Morality', 'Quality of Life']",['Quality of Life']
cbihnsi,"It's logically consistent to be anti-abortion while not considering a fetus to be equal to a child. Not all anti-abortionists equate having an abortion to ""slicing up a toddler,"" as you put it. I consider fetuses to have significant potential to become children, and think that the potential affords them rights, but not to the extent that children have.

Actually, the violinist argument, used by a lot of pro-abortion people, comes into play quite nicely here:

> You wake up in the morning and find yourself back to back in bed with an unconscious violinist. A famous unconscious violinist. He has been found to have a fatal kidney ailment, and the Society of Music Lovers has canvassed all the available medical records and found that you alone have the right blood type to help. They have therefore kidnapped you, and last night the violinist's circulatory system was plugged into yours, so that your kidneys can be used to extract poisons from his blood as well as your own. [If he is unplugged from you now, he will die; but] in nine months he will have recovered from his ailment, and can safely be unplugged from you.[4]

Although I disagree with the intended implications of this argument (abortion should be legal in general), it raises a good point about consent: You never chose to have that violinist chained to you and it's unfair to expect you to continually consent to have that violinist chained to you, especially because (in the case of rape), having that violinist chained to you has the potential to continually raise a lot of painful memories.

There is a clear difference of consent between rape and consensual sex, and that's the point where the violinist analogy falls apart.

I don't expect a lot of people here to agree with this position, but it is logically consistent and my personal position.","['Fairness and Equality', 'Morality']","['Legality / Jurisprudence', 'Morality', 'Policy Prescription and Evaluation']"
cb14860e-6715-4a2b-a338-c591336ac27a,"&gt; But why does it matter that the ancestors of Palestinians lived in Israel? Very few people are left who were displaced themselves in '48.

Some would say if you, yes you specifically, are responsible for the displacement of people much like Israel is responsible for the displacement of the Palestinians, that you, yes you specifically, ought to re-place Palestinians. You keep ignoring Israel's role as the moral agent who displaced Palestinians as if the displacement just kind of happened like natural disasters happened.

&gt;Yeah they are.

Nope. There's really nothing you can say that's going to be convincing here, short of citing some empirical study on Israeli familiarity with US culture.

&gt;But the national hopes of Palestinians would displace Israelis. That's true for a two-state solution, but it's obviously the case if Palestinians got the whole area. Does that not matter?

Once again, you're ignoring Israel's role as a moral agent responsible for displacement. When you steal, you don't gain ownership of whatever you stole, you merely have it in your possession. The person from whom it was stolen still has ownership. That Israel REALLY WANTS to keep possession of Palestinian territory is morally irrelevant given the fact that it was stolen territory.","['Fairness and Equality', 'Legality / Jurisprudence', 'Morality']","['Cultural Identity', 'Fairness and Equality', 'Morality', 'Political']"
cghs2kq,"I dunno, he seems like trouble. For some reason, he's constantly followed by hundreds of time travelers always attempting to murder him. Let's stay out of the crossfire so nobody has to die.",['Security and Defense'],['Security and Defense']
ad02a965-6b93-4616-ae2a-3f61c7c0612a,"Let us take a comparable issue, euthanasia. 

While some people agree that it is better to let an old person starve to death to kill them than to kill them actively, to give them an agonizingly painful and long death, not all do. For many there isn't much of a difference. Murder is mruder.",['Morality'],"['Morality', 'Legality / Jurisprudence']"
dg2acb7,"Respect is earned through actions and words. It is based upon how we treat others; especialy those that are more vunerable. If you treat a child or someone with disabilities with disrespect, then you do not deserve respect. If a child treats you with disrespect, then you need to know that they may not understand(or may have been taught that their behaviour is OK). This is a teaching moment. Show them how to respect by letting them know that their behaviour is not OK while remaining respectful.",['Morality'],"['Cultural Identity', 'Morality', 'Quality of Life']"
99ccabeb-90fa-435d-93a7-269f79878bb3,I'm not from the States so you figure into the same pool as everyone else.,['Other'],['Cultural Identity']
ckgbdap,Who are you to take away somebody's purpose?,['Morality'],"['Morality', 'Quality of Life']"
66fb2293-b4f5-4fff-9368-89dbde33b417,"I typed a great response to this and lost it to the whole backspace out of text box mistake. Dammit. You win the triangle though. &amp;#8710; the changes will happen regardless of the friction, if they are truly inevitable. 

Science and technology are already getting in line with the world language idea. They get more power, they're language becomes more dominant. I think eventually, maybe not even in our lives, but eventually a world language will form. I hope communities keep their cultural dialects, but I do think a global language is inevitable. 

I wish I could converse with all the commenters. I am really trying to find my love for proper English again. I still see it as a lost cause that needs change. 

I'm done typing, still pissed my great response was destroyed.","['Cultural Identity', 'Quality of Life']","['Cultural Identity', 'Capacity and Resources', 'Quality of Life']"
00eb3b41-2c17-42c9-9c4c-8c3feb6a6569,"&gt;""*how is that supposed to be a counterargument?*""

Because you'e making an argument to the effect that people ought not to have such opinions or express them:

This is literally what you said:

&gt;**ShiningConcepts**: ""*...and the resulting protests were an* **uncalled for rush to judgment that unjustly abandoned the ideal of innocent until proven guilty**""","['Fairness and Equality', 'Public Opinion']","['Fairness and Equality', 'Legality / Jurisprudence', 'Public Opinion']"
66954c24-14b5-4824-9f66-6fab539645df,"You could argue that college education doesn't teach that much but rather just knocks out those who are unqualified / lazy / etc. [This study](https://www.aacu.org/leap/public-opinion-research/2015-survey-results) shows that while 59% of college grads felt prepared for their career only 23% of employers felt the grads were. Many recent grads are not prepared at all for their work so you could say that college as a job training program doesn't work. But at least job training programs have a job lined up, where only 12% of soon to be grads have a job lined up, and several years after graduating 49% of grads feel they are underemployed or are even working at a job that doesn't need their degree.

Job training programs may not work well, but neither does college.","['Fairness and Equality', 'Policy Prescription and Evaluation']","['Capacity and Resources', 'Economic', 'Policy Prescription and Evaluation']"
cb2tn84,"Language will change. That much is certain.

The question is, *how fast* will language change. And there's no one ""right"" answer to that question. 

If few people object to a neologism, and many people like it, it will be adopted rapidly, and that's good, because it means that there's a real need for that new word.

If few people like a new usage and many object to it, it's probably best if it *not* change, because there's probably a good reason why the old usage has usefulness, or the new one has some problems.

I would hope that neither of these situations would be something that reasonable people would object to. 

In the middle, we have grammar nazis. They apply some pressure in the ""don't change this"" direction. If it's overcome by the pressure to change it, see above. If it is not, *see above*. 

It's like having both a prosecution and the defense in a trial. Both have a role to play, even when some people say ""he was railroaded"" or ""he got off on a technicality"". The process is valuable, even if individual instances of it will often have problems. ",['Cultural Identity'],"['Cultural Identity', 'Public Opinion']"
d7i3cj5,">Americans are highly unlikely to encounter foods that are genetically engineered for some kind of increased vitamin content 

So, among Americans at least (and maybe in the western world) it can be reasonably *assumed* that a ""GMO"" is a 'Round-Up Ready' product or a Bt thing from Monsanto.  ","['Cultural Identity', 'Public Opinion']","['Health and Safety', 'Public Opinion']"
ckor2ua,"Two things - 

1. Falling in love is easy. Staying in love is hard. Except when falling in love is hard or staying in love is easy. At some point in almost any relationship, you have to win someone over. The earlier it happens in a relationship, the better you know if you're going to be able to make it through the rough patches - when someone loses a job, when someone loses a parent or when someone loses their health. 

2. My husband absolutely won me over. I had just been dumped in a very serious relationship and I didn't want to date. My (future) husband was a known playboy and flirted, called and woo'd me every chance he got. I told him for months that it was a bad idea, that he would just be a rebound and I didn't want to get hurt again, since I knew his reputation. He went above and beyond to prove to me that he was serious and wanted to make things work. We dated for five years and have been married another three. And his dedication made me dedicated. Our son is celebrating his first birthday soon.",['Quality of Life'],['Quality of Life']
38de4d03-516f-4dc1-9168-f1ddd54d8f01,"&gt; If the wage for a generic fast food worker goes up, it is a reasonable expectation that some increase would be applied to the people in slightly higher relative positions of responsibility.

This does not happen, wage compression effects are one of the more problematic parts of minimum wage policy.

&gt; I think you are largely right about the impact this would have on inflation, essentially that there would not be any, but I disagree that the purchasing power of the middle class would be preserved. While a large band of unskilled laborers would see an increase in compensation due to the increase in minimum wage (a fantastic thing) I don't think it is obvious that the same upward pressure would make its way to white collar workers - in fact, it is necessary that middle class and upper class workers not see an increase in wages as a result for an increase in minimum wage to have any effect

If their wages are not falling and inflation doesn't increase why is there any change in their purchasing power?

&gt; so there would be some sort of pricing impact to an increase in minimum wage

0.4% for every 10% increase in the MW. The fed can cancel this out with monetary policy.

What OP meant when he said ""inflation is a largely monetary phenomenon"" was actually

&gt; Inflation is always and everywhere a monetary phenomenon in the sense that it is and can be produced only by a more rapid increase in the quantity of money than in output

If changing price levels actually impact inflation depend on the policy position of the central bank.

&gt; I believe long term the effects would be positive at all levels of the economy

$15 is above estimates for optimal minimum wage [everywhere](http://www.brookings.edu/research/papers/2014/06/19-minimum-wage-policy-state-local-levels-dube), there would be disemployment effects.

&gt; as empowering the lower class with realistic avenues to escape from poverty is one of the most central goals of any economic system

The minimum wage is a pretty ineffective poverty management tool, it also doesn't exist for this reason.","['Capacity and Resources', 'Economic', 'Policy Prescription and Evaluation']","['Economic', 'Policy Prescription and Evaluation']"
0d55f8f0-73f5-48f6-a60e-bc789e405ebd,Not if you're raising the cost of living along with them.,['Economic'],"['Economic', 'Quality of Life']"
fd93811e-0e2f-41e5-9523-ef1df4c87a17,"No you're totally right, but it is a huge leap from kidnap/rescue to trafficking",['Health and Safety'],"['Crime and Punishment', 'Security and Defense']"
d3t9n47,"My argument against it would be this: **a 13 year old is not capable of giving consent.**

Your brain is still developing even into your 20s, but in your early teens the mental hardware you have access to is simply not on the level of a 24 year old when it comes to decision-making. 

The key area is the frontal lobe. One of the important things the frontal lobe does is behavior inhibition. It's the part of your brain that stops you from (for example) having that next glass of scotch even though you know you want to because you'll feel it tomorrow morning, or (for example) resist having sex with that teacher because you know you're not actually emotionally ready yet, even though you very much want to do it. Basically, the frontal lobe is the part of your brain that helps you overrule your baser urges and muscle memory in situations where you shouldn't do what you naturally want to do. It's the part of your brain that helps you think about the consequences of your actions (not just the immediate payoff) and decide accordingly.

Teenagers have frontal lobes (obviously) but they're not fully developed or connected yet ([here's a quick article about that](http://www.npr.org/templates/story/story.php?storyId=124119468), but there are lots of sources for this). That doesn't mean they're *incapable* of inhibiting behavior, obviously - if that were the case they'd be fucking in the halls of high school 24/7. But it does mean they have a harder time inhibiting behavior sometimes, especially when it's something like sex where there's a strong internal drive to do it. An adult brain is built to be able to set aside that urge and go ""you know, this time it's not a good idea."" But a teenager, especially one as young as 13, is simply going to have a harder time doing that. 

To be clear: this is not a problem with *understanding*. You're right that a 13 year old can understand exactly what they're doing, including the short- and long-term potential consequences of it. The problem is that they have a harder time making informed decisions based on that understanding and then turning those decisions into actions. They can know intellectually that sex is the wrong thing for them at that moment in time, but not be able to stop themselves from doing it anyway.

(And of course, an adult who is aware of this mental mismatch can try to capitalize on it in any number of ways to push the kid in whatever direction they want.)

That may not be what US law is based on, but in my opinion it's still a good reason for consent laws being what they are. A teenager is capable of consenting in the sense that they can say ""yes, I consent to this"" and know what that means. And they might be completely right. The problem is, because their frontal lobes aren't fully connected yet, they might also just be saying that despite the fact that they know they *really* shouldn't have sex...but they want to and they just can't control themselves.

Obviously, every individual is different, so some people have more issues with this than others. There are probably 13 year olds who really could control themselves and consent just as well as a 24 year old although I'd guess that's quite rare. But I'd also be willing to bet that everyone reading this right now, if you're adults already, can think back to at least a few things that you did during your teen years that *you knew was wrong/bad even at the time* but you did them anyway. You can probably blame that shit at least partially on your not-fully-connected frontal lobe.","['Health and Safety', 'Legality / Jurisprudence', 'Morality']","['Health and Safety', 'Legality / Jurisprudence', 'Morality']"
ct7s068,"The question is, what do we gain from calling them sports vs what do we lose?

As far as losing goes, I can't really think of anything other than the original meaning of ""sports"". You can then add further qualifiers to them, such as ""thinking sports"", as we do for other sports (winter sports, team sports, etc.) so no real precision is lost.

However, if we classify it as ""sports"", then it becomes easier for people participating in international tournaments to, for example, get visas to enter the country where the tournament is held, and other similar benefits and protections. It is much easier to re-clasify something in this way compared to forcing every country to write new legislation to encompass these new kinds of competitions. It is similar how, say, a youtube reviewer/commenter would apply for a visa as a ""journalist"", because legislation for that is already in place, although they don't really consider themselves journalists in the real sense of the word. It's just that it's the closest word that legally describes what they do. Or at least that's how I understand the issue.",['Legality / Jurisprudence'],"['Capacity and Resources', 'Legality / Jurisprudence', 'Policy Prescription and Evaluation']"
117c8b4f-6c37-49c3-94d2-2ccd3bc4114c,"&gt;Do you have any evidence that after those elections the Reform party or the Greens got taken more seriously in subsequent elections?

I don't think that was his point - i think he wanted to say that the major party candidates would alter their platforms to regain those lost third-party voters, rather than keep bleeding constituents. *Not* that the major parties would actually fear a third party stealing seats.",['Political'],['Political']
4d400fdf-2412-4c64-a48e-8be246d458e3,"It's not really about validating homophobes... it's more that there's no world where the pic that OP put up is a socially acceptable thing... even if some hot girl were walking around in that, yes, guys would look, but it's still considered indecent.","['Cultural Identity', 'Morality']","['Cultural Identity', 'Morality']"
697039b8-0b54-437b-8dab-d200188c369d,"The filter bubble comment was already mentioned on this thread and I think that applies to this. For me its nothing but finance and economics because its what I generally subscribe to and read up on. What you click and what you search is what determines what shows up in your feed on Google and Facebook. 

Also, I'd like to point out that knowledge about finance and economics is not the norm as opposed to cultural and social issues. From my own personal experience, very few people I have met actually know enough about the economy and how business functions to have a real discussion about it. By real discussion I mean more than just ""socialism!!"" or ""gold standard!!"" 

If you really want to enrich your knowledge on the economy and finance I would suggest browsing through the subreddits r/economy and r/finance and r/economics, subscribe to the Wall Street Journal or Bloomberg for financial news updates, maybe read some books on basic economics, YouTube (though be careful, lots of partisanship), etc. 

Stop clicking on the Miley Cyrus tabloids and Huffington Post blogs inaccurately simplifying complex entities and spend your time reading and having those discussions you want.","['Economic', 'Public Opinion']","['Economic', 'Public Opinion', 'Cultural Identity']"
ciufq1e,"So the most important thing to remember here is that Batman was like a balls hair away from becoming literally everything he eventually came to fight. So great was his desire for vengeance he would have become a killer himself in order to achieve it.

This was, of course, replaced by a stronger moral sense for what we colloquially call justice. This is why Bruce never used a gun and why the only thing Batman fires with propellant are grappling hooks. He's not a common street thug, though he very easily could have been. He could have gone out and taken the law into his own hands, vigilante style, killing the man who killed his parents.

But then he's a killer, on the run from the law. Not being able to actually exist in society without the proverbial sword of Damocles hanging over his head. He'd need to adopt a new name and go somewhere nobody had ever heard of him, given the high profile nature of the case.

All this is to simply give some insight into the internal struggle of Bruce Wayne, learning to deal with the grief and anger in his transformation into The Bat.

Enter Dick Grayson; who witnessed his parents murdered in front of him by a mob boss for money. Batman didn't take on Grayson as his legal ward with the express purpose of ""training him to be a sidekick""; he did it to ensure that this kid didn't grow up to become what he feared he would become. That plus this kid was only really trained in acrobatics and lacked the capacity to go up against the mob and NOT be murdered.

If Batman didn't take on Robin to be his sidekick, Dick Grayson would have been found floating in the whatever Gotham's equivalent of the East River is, if he was ever found at all.

If you've ever seen the show Dexter, I can tl;dr this to:

Batman:Robin::Harry:Dexter

It's not like Robin was some kid with a bright future and nothing to lose that he put in dangerous situations. Dick was a very angry young man who, like Bruce before him, was compelled to act by an unquenchable thirst for vengeance, no matter the cost. 

The reason Batman took on Robin was the same reason Bruce Wayne ""took on"" Batman; to keep a very angry and dangerous young man from becoming that which he despised the most (or dead).

Also it's probably worth noting that modern ideals of the capabilities and dependability of teenagers is wildly skewed and incredibly dumb. Grayson was 10 years old when he became Robin. At age 16 Alexander the Great was left regent of Macedon, fought out an invasion of Thracians and founded a city he named after himself. 

Youth is only wasted on the young if you think it must be.",['Morality'],"['Morality', 'Crime and Punishment', 'Cultural Identity']"
c4dba1ae-f103-4c88-803b-74e2e72bfc64,"Well, that was one tool, but I was thinking more about civil cases that functionally dismantled the KKK in the 1980's climaxing with [the seizure of the United Klans of America building](http://articles.orlandosentinel.com/1987-05-20/news/0130140020_1_klan-building-and-property-donald). There were also Civil cases brought along RICO cases against organized crime organizations. Not to mention the relatively famous civil suit brought against [OJ Simpson](http://www.nytimes.com/1997/02/11/us/jury-decides-simpson-must-pay-25-million-in-punitive-award.html) that follows the same track.

Civil suit brought by individuals with standing against criminals and criminal organizations who profited from crime that harmed those bringing the case are a long standing and rather effective means of recovering losses caused by crime. In cases where local police have standing, I don't see why they shouldn't have similar abilities to recover losses incurred by serious crime.

That being said, expanding that judgment to people with clean records and a single traffic violation in question is clearly a case of a poorly written rule set.","['Legality / Jurisprudence', 'Policy Prescription and Evaluation']","['Crime and Punishment', 'Legality / Jurisprudence', 'Policy Prescription and Evaluation']"
c8b7ad67-e1a6-48c9-b25e-de59ab17fabc,"You can't accumulate the works as one piece of art, since any comments that would be protected by copyright are owned by their respective producers (reddit users).

That agreement is stating that for any works that are protected by copyright, users allow reddit unlimited ability to display the content on their website, and anywhere else they like. This is a license (and a very powerful one at that), but individual users are still the copyright holders.","['External Regulation and Reputation', 'Legality / Jurisprudence', 'Morality']",['Legality / Jurisprudence']
cb2lbid,"OP, while I agree with your apparent opinion of grammar nazis, I disagree with your statement that they're limiting the natural progression of language.

I think they're powerless.

Despite all the grammar nazism (in English), 'whom' is almost gone, the past participle is going away, and a wide variety of other thinks are changing.  This is because grammar nazis (at least on reddit) are obsessed with correcting people's misuse of homophones (a spelling error, rather than a grammatical one), and most people's primary interaction with their language is spoken, rather than textual, in which these errors do not occur.  Collective inertia towards innovation is the rule of law, and the acts of a few curmudgeons won't really make much of a dent in it.

""You can jail the revolutionary, but you can't jail the revolution.""

Edit: I also disagree with your assertion that the world will move towards a single language.  Sociolinguistic factors (e.g. the need to enforce social division, covert prestige attached to non-standard forms) will always cause languages, once large enough, to splinter.","['Cultural Identity', 'Policy Prescription and Evaluation']","['Cultural Identity', 'Public Opinion']"
82017233-c006-4105-ae6e-7518ca4d86f6,"Yeah, it's absolutely not malicious to condemn someone to an eternity of torture because you think their sexual orientation is sinful, that's totally 100% puppies and rainbows because you're doing it for their own good, right?

C'mon, man. 300 years ago no one thought twice about beating their slaves, either. People would do it completely without malice, for the slave's own good. Even if there's no malice intended and the guy is trying to save your soul, that doesn't excuse beating a slave, by nature a very violent action.

Why should the same situation excuse a similarly violent set of words? Is it okay for me to say I think all Jews should be thrown in gas chambers, if I honestly believe it is for their own good and it says so right here in this bible?","['Crime and Punishment', 'Cultural Identity', 'Legality / Jurisprudence', 'Morality']","['Cultural Identity', 'Morality', 'Crime and Punishment']"
1614acaf-df0a-4d8b-a1aa-8f58557be00e,"&gt;The issue isn't whether it makes me uncomfortable. The issue is whether it encourages the police to use military style tactics and act as occupiers rather than exemplars of the community. Rand Paul describes this problem far more eloquently than I can: http://time.com/3111474/rand-paul-ferguson-police/

Rand Paul is an idiot, and this opinion piece is just stupid. I've deconstructed it in the past, I have no desire to do it again.

&gt;To a point. I think your Warren Jeffs example is pretty extreme, but on a scale from ""don't even tolerate marijuana"" to ""tolerate Warren Jeffs"", there is plenty of room for us to move towards better meshing with community preferences.

See, this is terrifying to me. The thought that a department could pick and choose which felonies to enforce is anathema to our system of justice.

If the community has an issue with the law, it is incumbent on the community to change the law. 

Picking and choosing what felonies to enforce or ignore is anarchy. It's the part of the definition of a totalitarian state. 

Now, are you planning on answering any of my other questions?

Let me list them out for you again, since you seem apt to dodge them rather than address them:

&gt;&gt;Pistols, body armor, laptops, radios, and night vision. Please explain how any of these things are ""too powerful"" or ""out of touch with community standards.""

--------------

&gt;&gt;&gt;It looks intimidating and makes the police feel like they are immune to everything outside.

&gt;&gt;Ah, so you don't like it because it looks scary. Now we're getting to the crux of your argument. I don't understand people who have issues with Bearcats. Let me ask you this: What is the difference between [this](http://www.lencoarmor.com/wp-content/uploads/2013/07/g2_header.jpg) and [this](http://3.bp.blogspot.com/-ffmzUu7FAbs/UP_wVlSSRsI/AAAAAAAGQAo/dPa8FK6CrX0/s1600/LOOMIS+MACON+GEORGIA,+Loomis+Armored+Car+International+Truck+Money+Pickup+Delivery+Cash+Coin+Tranfer+Vehicle+Bibb+County+Macon+GA..JPG)?

--------------

&gt;&gt;What is the difference between [this](http://www.lencoarmor.com/wp-content/uploads/2013/07/g2_header.jpg) and [this](http://www.lencoarmor.com/wp-content/uploads/2012/11/slide_mil2.jpg)?


--------------

&gt; &gt; &gt;Get rid of the automatic-fire rifles.
&gt; &gt; 
&gt; &gt; Why? This is a serious question. Is this based on any sort of tactical knowledge or training, or is it because they make you uncomfortable?
&gt; &gt; 
&gt; &gt; What's the difference between [this](http://www.colt.com/portals/0/productimages/2014/AR15A4_700w.png) and [this](http://www.ruger.com/products/mini14RanchRifle/images/5801.jpg)?
&gt; &gt; 
&gt; &gt; I'm going to give you three rifles: [A](http://www.fulton-armory.com/images/M14%20Service%20Rifle%20pic.jpg), [B](http://www.futuresbeginning.com/ww2-browning-automatic-rifle-for-sale-27.jpg), and [C](http://th09.deviantart.net/fs71/PRE/f/2013/110/4/9/colt_le6940_by_pringle753-d62efjg.jpg). Which of these three are appropriate for police use, and why or why not?","['Crime and Punishment', 'Legality / Jurisprudence', 'Security and Defense']","['Crime and Punishment', 'Legality / Jurisprudence', 'Security and Defense', 'Political']"
ckokkpu,"I think to some extent ""winning a person over"" really just means ""not driving them away."" Yes, compatibility and mutual interests and organic chemistry are all important. Forcing conversation on topics you don't like on the first date to appear interesting is not great. Expressing over-enthusiasm about your enjoyment the other person's interests when really you hate them; also not great. 

But people are a lot less pleasant when they're not engaging in social niceties, and most people will not bother getting to know someone who cannot abide by certain rules and structures of social engagement. And that goes beyond flirting and making the other person feel cared for. For example, you may be the kind of person that often becomes highly irritated by small, unimportant things. This is a fact that a long-term partner will have to deal with and accept, and will not necessarily like. But, as they love you, they will accept your downfalls. Before they love you, however, your downfalls are a lot more apparent since your better qualities have not been discovered. If you come out on the first date with your bad qualities before your partner knows any good qualities, then they will essentially check-out. There are a ton of other people who seem a lot better right off the bat, and there's no reason to waste your time with someone who's negative traits apparently outweigh their good.

That being said, there's a line to be drawn. There's a difference between winning someone over (ie hooking them in, ensuring that they will continue to see you after the first few dates) and perpetuating an indefinite charade. After you get to know a person, then you can begin letting them see more and more of your negative side, and perhaps more of your deeply joyful side as well. If they don't like what they find, then your relationship ends. That's just how it goes, it's a human experience. 

Essentially, my point is this: at the start of a ""relationship,"" there is no trust, no established compatibility, no reason for this person to be talking to you at all aside from (I'm assuming) a physical interest. So, you need to give them a reason to come back. Winning someone over isn't about being someone you're not, it's just about being the best ""you"" that you can be. ","['Cultural Identity', 'Morality', 'Quality of Life']","['Cultural Identity', 'Quality of Life']"
cryy69a,"&gt; This leads into my primary concern, which is that these laws are meant to incriminate lawful gun owners and discourage lawfully owning guns and accessories by making it annoying, costly, and a general waste of time

This type of paranoia is one of the reasons why it is so hard to get helpful, effective gun control laws.  The *vast majority* of people who want better gun control laws *only care about saving lives*.  Sure, a tiny percent of gun-control advocates think guns are evil and all gun owners are bad, but the *vast majority* want to stop gun violence, but don't really know how.  It is quite possibly also true that most gun-control advocates don't care that much about whether a restriction that they think will save lives would also inconvenience lawful gun owners.  Gun owners *could* help by having a conversation about what restrictions would be effective and which would just be annoying, but a small group of gun owners who want absolutely no restrictions on guns have been spreading the false narrative that all the people who want to stop kids from getting shot *secretly* don't care about kids, they just want to get rid of guns.

And before someone says don't blame guns blame criminals and mental health--liberals *are* working pretty hard to improve access to mental health care and to improve educational opportunities (to reduce crime).

This is a complex issue, and you could reasonably argue that many gun-control laws are ineffective, but the goal is to save lives, not to making owning a gun annoying.","['Morality', 'Policy Prescription and Evaluation', 'Public Opinion']","['Crime and Punishment', 'Health and Safety', 'Political', 'Public Opinion']"
827a89e8-44d2-40a3-9f97-9a8837db6440,"I think the St. Patrick's Day analogy is excellent. From the parade, some people might develop the impression that the Irish are a nation of loud, emotional, brawling drunks.

Which is a pernicious stereotype, obviously.","['Cultural Identity', 'Morality', 'Public Opinion']","['Cultural Identity', 'Public Opinion']"
ca8ud1s,"You briefly touched on this at the end of your post but I think it deserves a little more attention, and that's the educational aspects of advertising. 

School is preparing children for the future, making them more capable to achieve success outside of a purely educational environment, and, unfortunately, this environment nowadays is over-saturated with advertisements. I think if schools don't have advertisements at all, when children are first subjected to the mass amount in the ""real world"" they will be more vulnerable to becoming irresponsible consumers. 

Ultimately,

1. As mentioned before, when considering the purpose of schooling itself, knowledge and exposure to some levels of advertising will better prepare children to be more responsible consumers. Personally, you mentioned school systems having in their curriculum lessons on advertisements, but I feel like actual advertisements in the school would benefit these lessons.

2. As people here have already mentioned, funding. Schools can create a great deal of revenue through ads which can then be enlisted to increasing other aspects of the school system.

3. Not all ads are malicious. Not all ads have to advertise unhealthy, sugary drinks or foods (from my childhood, [these](http://advocacy.britannica.com/blog/advocacy/wp-content/uploads/got-milk-superman.jpeg) 'Got Milk?' ads were hugely popular and employed in the cafeteria and hallways). I think this addresses your second issue regarding how increasing advertisements would also increase the obesity rate. 

Obviously there would have to be some limitation, and that would most likely fall under some state wide or federal regulation. But, in minimal amounts, advertising healthy practices and serving as an educational tool, I think advertisements should be allowed in school.","['Health and Safety', 'Policy Prescription and Evaluation']","['Capacity and Resources', 'Economic', 'Health and Safety', 'Policy Prescription and Evaluation']"
d9ot222,"If you're going to try and take the biological route, you need to actually understand the evolution of human mating strategies, which you clearly don't.  We are *extremely* k-selected, and that's reflected in our social structure.

The sociological elements you are touching on are separate, the result of thousands of years of gender roles, and have little relevance when it comes to an individual's psychological injuries.",['Cultural Identity'],"['Cultural Identity', 'Health and Safety']"
39e82a73-83e6-411c-91d1-55c0666acfab,"&gt; Prison is a deterrent afterall

Mythologically, perhaps.  But the [data doesn't really support that assertion](http://blog.sl.nsw.gov.au/hsc_legal_studies/index.cfm/2012/8/8/prison-as-a-deterrent)

Society is spending quite a lot of money to keep people locked up.  What is society gaining from all that expense?  After the point where the prisoner understands that what they did is wrong and that they really don't want to do any such thing again, it's nothing more than torturing them for someone else's enjoyment and/or profit.

Once the punishment has done its job of convincing the person to not offend again, continuing the punishment is stupid, pointless, wasteful, and counterproductive.  Punishing people out of some dogged adherence to the false notion that they *deserve* it... that only serves to underline the fact that society is still just as brutal and barbaric as the people it locks up to protect itself.

The US also has one of the highest recidivism rates in the world, while countries like Denmark that have far more humane conditions for their prisoners, as well as much shorter sentences, get to enjoy some of the lowest recidivism rates in the world.","['Crime and Punishment', 'Economic', 'Policy Prescription and Evaluation', 'Quality of Life']","['Crime and Punishment', 'Economic', 'Morality', 'Quality of Life']"
crlvxrf,"I think it is mostly a fear of losing control. People are afraid of computer controlled cars because they feel safer if a human is in control. We can have AI do all sorts of.useful stuff with today's AI, never mind androids. We can have a computer replace elected officials. Feed it the constitution as a sort of Asimov's laws and have it run an algorithm to maximize the economy, minimise suffering, optimize our infrastructure, etc. We can build an utopia with AI but it'll take a huge leap of faith to get past the 'remove democracy ' step.",['Quality of Life'],"['Capacity and Resources', 'Economic', 'Political', 'Quality of Life', 'Security and Defense']"
b3f34c44-ccf1-41be-be94-2c65dac045b0,"It isn't just about knowledge.  When Batman first encountered Jason Todd, he was stealing the hub caps off of the Batmobile.  If Batman hadn't taken Jason under his wing, trained him, and taught him to channel his anger into productive channels (such as preventing crime), Jason would have undoubtedly ended up on the receiving end of a Bat-punch.  At best, Todd would have spent the better part of his life in and out of prison.  At worst, he would have gotten himself killed in a gang war.","['Health and Safety', 'Quality of Life']","['Crime and Punishment', 'Quality of Life']"
djeqib7,"You are saying it's on the person acting to act *well*. Control their temper, be nice, have patience, etc. 

You saying that it's their responsibility assumes that they are in control of it - after all, why have responsibility for something you don't have control over? 

I don't believe they have *complete* control over it. They don't control their upbringing, their emotions, whether something terrible happened to them recently, etc. 

Yo mama jokes have been huge not so long ago, but if someone comes and tells a horrifying one right after your mother passed away, do you think it's fair to be forced to not have any emotional response? Can you really control that?

The correct response wouldn't be to pretend to laugh. It would be to either be honest about your situation, or ignore the joke. *Their* correct response would be to understand that if you're ignoring the joke, there might be a reason for it. 

So, I think it's a two-way street. The actor should attempt to be reasonable to the best of their abilities, and the receiver should try to understand what situation they might be in instead of judging their personality outright (relevant: [Fundamental Attribution Error](https://en.m.wikipedia.org/wiki/Fundamental_attribution_error)). ","['Cultural Identity', 'Morality', 'Quality of Life']","['Cultural Identity', 'Quality of Life']"
d2vohx8,"""A rising tide lifts all boats""

Much of the overall issue is less the wages and where money generated goes to.  Contrary to trickle down economics, strong purchasing power drives a strong economy.  And as the lower and middle classes creating a large mass of spending power, production increases, options increase, and wages go up as the middle class can demand more.

One key element that you are also missing is that i higher minimum wage will also help offset social programs that are needed by those unable to live off the lower wages.  If families can afford child care, food, rent, and clothing free/reduced care program funds, food banks and food stamps, rent assistance, and other charitable costs can be lowered.  As the middle class is the highest taxed, they are already paying for the lower minimum wage by way of funding support programs that may not be necessary if basic wages were higher.","['Capacity and Resources', 'Economic', 'Fairness and Equality', 'Policy Prescription and Evaluation']","['Economic', 'Fairness and Equality', 'Policy Prescription and Evaluation']"
e2fefb83-3c41-4765-a855-4ba30bc7d9d8,Unless someone wants to do your job for the same,['Other'],['Economic']
